{
	"replace": false,
	"values": [
		"minecraft:snowy_plains",
		{
			"id": "biomesoplenty:snowy_fir_clearing",
			"required": false
		},
		{
			"id": "terralith:alpine_grove",
			"required": false
		},
		{
			"id": "terralith:cold_shrubland",
			"required": false
		},
		{
			"id": "terralith:snowy_badlands",
			"required": false
		},
		{
			"id": "terralith:snowy_shield",
			"required": false
		},
		{
			"id": "regions_unexplored:frozen_tundra",
			"required": false
		},
		{
			"id": "#c:snowy_plains",
			"required": false
		},
		{
			"id": "wythers:snowy_bog",
			"required": false
		},
		{
			"id": "wythers:snowy_tundra",
			"required": false
		},
		{
			"id": "wythers:ice_cap",
			"required": false
		}
	]
}