{
	"type": "minecraft:entity",
	"pools": [
		{
			"bonus_rolls": 0.0,
			"entries": [
				{
					"type": "minecraft:item",
					"functions": [
						{
							"add": false,
							"count": {
								"type": "minecraft:uniform",
								"max": 2.0,
								"min": 0.0
							},
							"function": "minecraft:set_count"
						},
						{
							"count": {
								"type": "minecraft:uniform",
								"max": 1.0,
								"min": 0.0
							},
							"enchantment": "minecraft:looting",
							"function": "minecraft:enchanted_count_increase"
						}
					],
					"name": "minecraft:arrow"
				}
			],
			"rolls": 1.0
		},
		{
			"bonus_rolls": 0.0,
			"entries": [
				{
					"type": "minecraft:item",
					"functions": [
						{
							"add": false,
							"count": {
								"type": "minecraft:uniform",
								"max": 2.0,
								"min": 0.0
							},
							"function": "minecraft:set_count"
						},
						{
							"count": {
								"type": "minecraft:uniform",
								"max": 1.0,
								"min": 0.0
							},
							"enchantment": "minecraft:looting",
							"function": "minecraft:enchanted_count_increase"
						}
					],
					"name": "minecraft:bone"
				}
			],
			"rolls": 1.0
		}
	],
	"random_sequence": "variantsandventures:entities/murk"
}