{
	"required": true,
	"package": "com.faboslav.variantsandventures.common.mixin",
	"refmap": "variantsandventures.refmap.json",
	"compatibilityLevel": "JAVA_21",
	"minVersion": "0.8",
	"plugin": "com.faboslav.variantsandventures.common.mixin.plugin.VariantsAndVenturesMixinPlugin",
	"injectors": {
		"defaultRequire": 1
	},
	"mixins": [
		"DungeonFeatureMixin",
		"JigsawStructureAccessor",
		"MobAccessor",
		"PersistentProjectileEntityMixin",
		"ProjectileEntityAccessor",
		"ProjectileEntityMixin",
		"SpawnEggItemAccessor"
	],
	"client": [
		"IntegratedServerLoaderMixin"
	]
}